{
  "R_EX_glc__D_e": -10.0,
  "R_EX_pi_e": -3.2148950476885148,
  "R_EX_nh4_e": -4.76531919319757,
  "R_EX_h2o_e": 29.17582713556817,
  "R_EX_h_e": 17.530865429780533,
  "R_EX_o2_e": -21.799492656001917,
  "R_EX_co2_e": 22.80983331020684,

  "R_BIOMASS_Ecoli_core_w_GAM": 0.8739215069684909,



  "R_GLCpts": 9.999999999998302,
  "R_TKT1": 1.4969837572618871,
  "R_TKT2": 1.1814980932463186,
  "R_CO2t": -22.80983331020684,
  "R_PTAr": -2.0463630789890885e-12,
  "R_H2Ot": -29.175827135569875,
  "R_AKGDH": 5.064375661485885,
  "R_ADK1": 4.547473508864641e-13,
  "R_RPE": 2.678481850508433,
  "R_RPI": -2.2815030940651013,
  "R_PGM": -14.716139568738868,
  "R_PGL": 4.959984944573589,
  "R_PGK": -16.023526143163735,
  "R_PGI": 4.8608611464981095,
  "R_ATPM": 8.39,
  "R_CS": 6.007249575352491,
  "R_PDH": 9.282532599165252,
  "R_CYTBD": 43.59898531200389,
  "R_ACKr": -1.0231815394945443e-12,
  "R_FBA": 7.477381962159029,
  "R_GLUDy": -4.541857463865767,
  "R_SUCDi": 5.064375661485856,
  "R_ACALD": 1.2505552149377763e-12,
  "R_LDH_D": -6.821210263296962e-13,
  "R_MALS": -3.248195363474766e-13,
  "R_O2t": 21.799492656001917,
  "R_TALA": 1.4969837572618871,
  "R_SUCOAS": -5.064375661485883,
  "R_ICDHyr": 6.007249575344304,
  "R_PFK": 7.477381962162275,
  "R_NH4t": 4.76531919319757,
  "R_ACALDt": 1.3642420526593924e-12,
  "R_ACONTb": 6.007249575348283,
  "R_D_LACt2": -6.821210263296962e-13,
  "R_ATPS4r": 45.5140097745234,
  "R_TPI": 7.477381962159029,
  "R_SUCCt2_2": 8.88178419700128e-16,
  "R_NADH16": 38.53460965051806,
  "R_GAPD": 16.02352614316169,
  "R_MDH": 5.064375661490999,
  "R_PYK": 1.7581774441089912,
  "R_G6PDH2r": 4.9599849445735344,
  "R_ENO": 14.716139568736935,
  "R_PIt2r": 3.2148950476886284,
  "R_GLNS": 0.22346172933185357,
  "R_ACONTa": 6.007249575348283,
  "R_FUM": 5.0643756614867925,
  "R_GND": 4.959984944573589,
  "R_ACt2r": -1.0231815394945443e-12,
  "R_PPC": 2.5043094703622293
}